<?xml version="1.0" encoding="UTF-8" ?>
<XMLDB PATH="local/ouadmin/db" VERSION="2025112702" COMMENT="OU admin tables" xmlns:xsi="http://www.w3.org/2001/XMLSchema-instance">
  <TABLES>
    <TABLE NAME="local_ouadmin_faculty" COMMENT="Faculty per OU">
      <FIELDS>
        <FIELD NAME="id" TYPE="int" LENGTH="10" NOTNULL="true" SEQUENCE="true"/>
        <FIELD NAME="ouid" TYPE="int" LENGTH="10" NOTNULL="true" SEQUENCE="false" COMMENT="Organization / OU ID"/>
        <FIELD NAME="name" TYPE="char" LENGTH="255" NOTNULL="true" SEQUENCE="false"/>
        <FIELD NAME="code" TYPE="char" LENGTH="100" NOTNULL="false" SEQUENCE="false"/>
        <FIELD NAME="dean" TYPE="char" LENGTH="255" NOTNULL="false" SEQUENCE="false"/>
        <FIELD NAME="description" TYPE="text" LENGTH="medium" NOTNULL="false" SEQUENCE="false"/>
        <FIELD NAME="active" TYPE="int" LENGTH="1" NOTNULL="true" DEFAULT="1" SEQUENCE="false"/>
        <FIELD NAME="timecreated" TYPE="int" LENGTH="10" NOTNULL="true" DEFAULT="0" SEQUENCE="false"/>
        <FIELD NAME="timemodified" TYPE="int" LENGTH="10" NOTNULL="true" DEFAULT="0" SEQUENCE="false"/>
        <FIELD NAME="usermodified" TYPE="int" LENGTH="10" NOTNULL="false" SEQUENCE="false"/>
      </FIELDS>
      <KEYS>
        <KEY NAME="primary" TYPE="primary" FIELDS="id"/>
      </KEYS>
    </TABLE>
  </TABLES>
</XMLDB>
